{
  "Ansi 5 Color" : {
    "Red Component" : 0.75323194265365601,
    "Color Space" : "sRGB",
    "Blue Component" : 0.78127235174179077,
    "Alpha Component" : 1,
    "Green Component" : 0.65371012687683105
  },
  "Tags" : [

  ],
  "Ansi 12 Color" : {
    "Red Component" : 0.57461577653884888,
    "Color Space" : "sRGB",
    "Blue Component" : 0.79152572154998779,
    "Alpha Component" : 1,
    "Green Component" : 0.69708853960037231
  },
  "Ansi 0 Color" : {
    "Red Component" : 0,
    "Color Space" : "sRGB",
    "Blue Component" : 0,
    "Alpha Component" : 1,
    "Green Component" : 0
  },
  "Draw Powerline Glyphs" : false,
  "Bold Color" : {
    "Red Component" : 0.8140903115272522,
    "Color Space" : "sRGB",
    "Blue Component" : 0.81766432523727417,
    "Alpha Component" : 1,
    "Green Component" : 0.82387620210647583
  },
  "Ansi 7 Color" : {
    "Red Component" : 0.9999966025352478,
    "Color Space" : "sRGB",
    "Blue Component" : 0.99999994039535522,
    "Alpha Component" : 1,
    "Green Component" : 0.99999994039535522
  },
  "Ansi 8 Color" : {
    "Red Component" : 0.81568628549575806,
    "Color Space" : "sRGB",
    "Blue Component" : 0.81960785388946533,
    "Alpha Component" : 1,
    "Green Component" : 0.82352942228317261
  },
  "Ansi 9 Color" : {
    "Red Component" : 0.84407895803451538,
    "Color Space" : "sRGB",
    "Blue Component" : 0.47467166185379028,
    "Alpha Component" : 1,
    "Green Component" : 0.48615175485610962
  },
  "Rows" : 28,
  "Default Bookmark" : "No",
  "Link Color" : {
    "Red Component" : 0,
    "Color Space" : "sRGB",
    "Blue Component" : 0.73423302173614502,
    "Alpha Component" : 1,
    "Green Component" : 0.35916060209274292
  },
  "Guid" : "65E5A8A9-77BC-4B34-AFE4-D174928F82FB",
  "Cursor Guide Color" : {
    "Red Component" : 0.70213186740875244,
    "Color Space" : "sRGB",
    "Blue Component" : 1,
    "Alpha Component" : 0.25,
    "Green Component" : 0.9268307089805603
  },
  "Non-ASCII Anti Aliased" : true,
  "Use Bright Bold" : true,
  "Ansi 10 Color" : {
    "Red Component" : 0.75982838869094849,
    "Color Space" : "sRGB",
    "Blue Component" : 0.48212379217147827,
    "Alpha Component" : 1,
    "Green Component" : 0.7796512246131897
  },
  "Ambiguous Double Width" : false,
  "Jobs to Ignore" : [
    "rlogin",
    "ssh",
    "slogin",
    "telnet"
  ],
  "Ansi 15 Color" : {
    "Red Component" : 0.9999966025352478,
    "Color Space" : "sRGB",
    "Blue Component" : 0.99999994039535522,
    "Alpha Component" : 1,
    "Green Component" : 0.99999994039535522
  },
  "Foreground Color" : {
    "Red Component" : 0.8140903115272522,
    "Color Space" : "sRGB",
    "Blue Component" : 0.81766432523727417,
    "Alpha Component" : 1,
    "Green Component" : 0.82387620210647583
  },
  "Working Directory" : "\/Users\/julian",
  "Blinking Cursor" : true,
  "Disable Window Resizing" : true,
  "Sync Title" : false,
  "Prompt Before Closing 2" : false,
  "BM Growl" : true,
  "Mouse Reporting" : true,
  "Command" : "",
  "Description" : "Default",
  "Space" : 0,
  "Screen" : -1,
  "Selection Color" : {
    "Red Component" : 0.27846634387969971,
    "Color Space" : "sRGB",
    "Blue Component" : 0.32358166575431824,
    "Alpha Component" : 1,
    "Green Component" : 0.2975325882434845
  },
  "Initial Use Transparency" : true,
  "Only The Default BG Color Uses Transparency" : false,
  "Columns" : 92,
  "Idle Code" : 0,
  "Ansi 13 Color" : {
    "Red Component" : 0.75323194265365601,
    "Color Space" : "sRGB",
    "Blue Component" : 0.78127235174179077,
    "Alpha Component" : 1,
    "Green Component" : 0.65371012687683105
  },
  "Custom Command" : "No",
  "ASCII Anti Aliased" : true,
  "Non Ascii Font" : "Monaco 12",
  "Vertical Spacing" : 1,
  "Left Option Key Changeable" : false,
  "Use Bold Font" : true,
  "Selected Text Color" : {
    "Red Component" : 0.8140903115272522,
    "Color Space" : "sRGB",
    "Blue Component" : 0.81766432523727417,
    "Alpha Component" : 1,
    "Green Component" : 0.82387620210647583
  },
  "Option Key Sends" : 2,
  "Background Color" : {
    "Red Component" : 0.15134406089782715,
    "Color Space" : "sRGB",
    "Blue Component" : 0.17268243432044983,
    "Alpha Component" : 1,
    "Green Component" : 0.16236096620559692
  },
  "Ansi 11 Color" : {
    "Red Component" : 0.95596224069595337,
    "Color Space" : "sRGB",
    "Blue Component" : 0.5276486873626709,
    "Alpha Component" : 1,
    "Green Component" : 0.81325840950012207
  },
  "Character Encoding" : 4,
  "Use Italic Font" : true,
  "Unlimited Scrollback" : true,
  "Keyboard Map" : {
    "0xf700-0x260000" : {
      "Text" : "[1;6A",
      "Action" : 10
    },
    "0x37-0x40000" : {
      "Text" : "0x1f",
      "Action" : 11
    },
    "0x32-0x40000" : {
      "Text" : "0x00",
      "Action" : 11
    },
    "0xf709-0x20000" : {
      "Text" : "[17;2~",
      "Action" : 10
    },
    "0xf70c-0x20000" : {
      "Text" : "[20;2~",
      "Action" : 10
    },
    "0xf729-0x20000" : {
      "Text" : "[1;2H",
      "Action" : 10
    },
    "0xf72b-0x40000" : {
      "Text" : "[1;5F",
      "Action" : 10
    },
    "0xf705-0x20000" : {
      "Text" : "[1;2Q",
      "Action" : 10
    },
    "0xf703-0x260000" : {
      "Text" : "[1;6C",
      "Action" : 10
    },
    "0xf700-0x220000" : {
      "Text" : "[1;2A",
      "Action" : 10
    },
    "0xf701-0x280000" : {
      "Text" : "0x1b 0x1b 0x5b 0x42",
      "Action" : 11
    },
    "0x38-0x40000" : {
      "Text" : "0x7f",
      "Action" : 11
    },
    "0x33-0x40000" : {
      "Text" : "0x1b",
      "Action" : 11
    },
    "0x7f-0x100000-0x33" : {
      "Version" : 1,
      "Label" : "",
      "Text" : "0x17",
      "Action" : 11
    },
    "0xf703-0x220000" : {
      "Text" : "[1;2C",
      "Action" : 10
    },
    "0xf701-0x240000" : {
      "Text" : "[1;5B",
      "Action" : 10
    },
    "0xf70d-0x20000" : {
      "Text" : "[21;2~",
      "Action" : 10
    },
    "0xf702-0x260000" : {
      "Text" : "[1;6D",
      "Action" : 10
    },
    "0xf729-0x40000" : {
      "Text" : "[1;5H",
      "Action" : 10
    },
    "0xf706-0x20000" : {
      "Text" : "[1;2R",
      "Action" : 10
    },
    "0x34-0x40000" : {
      "Text" : "0x1c",
      "Action" : 11
    },
    "0xf700-0x280000" : {
      "Text" : "0x1b 0x1b 0x5b 0x41",
      "Action" : 11
    },
    "0x62-0x100000-0xb" : {
      "Version" : 1,
      "Label" : "",
      "Text" : "b",
      "Action" : 10
    },
    "0x2d-0x40000" : {
      "Text" : "0x1f",
      "Action" : 11
    },
    "0xf70e-0x20000" : {
      "Text" : "[23;2~",
      "Action" : 10
    },
    "0xf702-0x220000" : {
      "Text" : "[1;2D",
      "Action" : 10
    },
    "0xf703-0x280000" : {
      "Text" : "0x1b 0x1b 0x5b 0x43",
      "Action" : 11
    },
    "0xf700-0x240000" : {
      "Text" : "[1;5A",
      "Action" : 10
    },
    "0xf707-0x20000" : {
      "Text" : "[1;2S",
      "Action" : 10
    },
    "0xf70a-0x20000" : {
      "Text" : "[18;2~",
      "Action" : 10
    },
    "0x35-0x40000" : {
      "Text" : "0x1d",
      "Action" : 11
    },
    "0xf70f-0x20000" : {
      "Text" : "[24;2~",
      "Action" : 10
    },
    "0xf703-0x240000" : {
      "Text" : "[1;5C",
      "Action" : 10
    },
    "0xf701-0x260000" : {
      "Text" : "[1;6B",
      "Action" : 10
    },
    "0xf702-0x280000" : {
      "Text" : "0x1b 0x1b 0x5b 0x44",
      "Action" : 11
    },
    "0xf72b-0x20000" : {
      "Text" : "[1;2F",
      "Action" : 10
    },
    "0x36-0x40000" : {
      "Text" : "0x1e",
      "Action" : 11
    },
    "0x66-0x100000-0x3" : {
      "Version" : 1,
      "Label" : "",
      "Text" : "f",
      "Action" : 10
    },
    "0xf708-0x20000" : {
      "Text" : "[15;2~",
      "Action" : 10
    },
    "0xf701-0x220000" : {
      "Text" : "[1;2B",
      "Action" : 10
    },
    "0xf70b-0x20000" : {
      "Text" : "[19;2~",
      "Action" : 10
    },
    "0xf702-0x240000" : {
      "Text" : "[1;5D",
      "Action" : 10
    },